first_name,last_name,c1 date,c2 date,c3 date
Broddie,Bolden,,21/6/2022,7/7/2024
Gerardo,Kolinsky,24/6/2023,4/10/2022,12/2/2024
Dona,Hamblington,5/5/2023,26/6/2023,21/6/2023
Alice,Corgenvin,,8/11/2022,7/10/2022
Dulcy,McNickle,28/6/2022,21/8/2023,22/6/2024
Fair,Welldrake,10/8/2022,26/4/2023,12/11/2022
Abbe,Theobold,18/8/2023,15/10/2022,30/12/2022
Jens,Knaggs,,8/6/2022,14/6/2024
Jocko,Wiskar,2/10/2022,27/7/2022,5/9/2022
Hill,Faulds,16/12/2022,12/11/2022,28/7/2023
Bruce,Jaquiss,18/6/2022,11/6/2023,15/1/2022
Calvin,Whates,9/3/2023,26/5/2023,12/5/2023
Grantham,Biasotti,7/6/2023,21/12/2022,12/8/2022
Salli,Stanford,18/2/2023,23/8/2022,18/11/2023
Fidelio,Hadwick,31/8/2023,17/4/2023,8/7/2022
Barnabe,Yurenev,24/7/2022,18/6/2022,5/5/2024
Juliane,Nouch,27/1/2023,31/7/2022,9/6/2023
Cosmo,Ainsworth,21/4/2022,28/1/2023,20/1/2023
Dolph,Taffarello,11/2/2023,1/6/2023,19/1/2024
Drucy,Barthorpe,,6/9/2022,23/8/2023
Stirling,Maddicks,10/9/2023,3/12/2022,11/12/2023
Georgiana,Liverock,12/9/2023,26/11/2022,21/3/2023
Tallie,O'Carran,8/9/2023,,
Bonnee,Petters,13/12/2022,31/3/2023,17/1/2023
Benni,Yeowell,2/4/2023,30/9/2023,7/12/2022
Westbrooke,Nassie,18/3/2023,4/4/2023,22/3/2022
Joela,Frid,,4/6/2023,5/9/2023
Glyn,Conisbee,,23/6/2023,5/6/2023
Ulick,Seamer,20/8/2023,19/11/2022,4/3/2023
Babbette,Lee,31/1/2023,28/9/2023,26/3/2023
Gusty,Kippen,23/3/2023,7/10/2023,28/12/2021
Phyllida,Simenot,2/10/2022,,
Lanna,Burth,8/2/2023,,
Julee,Stode,22/11/2022,,
Leon,Billyeald,1/8/2022,16/6/2022,27/2/2022
Cletis,Balham,18/9/2023,8/9/2022,17/5/2024
Alana,Atton,25/1/2023,31/5/2022,18/12/2022
Allistir,Tilney,21/6/2022,1/6/2023,1/10/2023
Britteny,Bonifazio,2/9/2023,23/2/2023,28/3/2022
Lilias,Cheeseman,17/6/2023,22/10/2022,25/5/2024
Torrey,Earengey,,15/11/2022,5/6/2022
Gherardo,Ibbott,26/11/2022,21/1/2023,13/11/2023
Drucill,Baudy,,24/5/2023,30/1/2023
Oran,Dagless,,30/6/2023,31/7/2022
Kendra,Tuminelli,16/12/2022,6/6/2023,20/4/2023
Jillayne,Figg,,12/8/2023,4/3/2022
Rory,Keiling,29/4/2022,16/4/2022,14/3/2023
Ibrahim,Thorouggood,29/8/2023,26/3/2022,3/7/2024
Dorrie,Kilfoyle,31/7/2023,15/10/2022,14/7/2022
Doro,Lapenna,13/4/2023,16/4/2022,23/9/2022
Dale,Dallman,14/8/2022,16/10/2022,29/7/2023
Jarrod,Cheesworth,22/5/2022,15/8/2023,7/1/2022
Nickie,Bartkiewicz,8/4/2023,18/3/2023,17/4/2022
Rochelle,Packington,30/3/2023,30/6/2022,22/5/2022
Donal,Spawton,6/12/2022,,
Jordana,Brangan,27/6/2023,5/9/2022,19/4/2023
Wilhelmine,Readwin,12/5/2022,16/1/2023,24/6/2023
Riva,Wellings,27/6/2022,24/5/2023,7/1/2023
Nertie,Folland,23/8/2022,3/1/2023,17/1/2022
Maddie,Culbert,,,
Ari,Davidoff,,,
Abra,McGuggy,,25/4/2023,19/4/2022
Raimund,Bootman,14/1/2023,21/6/2023,22/12/2021
Katee,Churchouse,18/7/2023,20/8/2022,31/1/2022
Horst,Kleinhandler,4/1/2023,9/9/2023,26/9/2023
Lolita,Keel,21/4/2023,3/5/2022,13/7/2022
Tim,Kildea,1/5/2023,17/12/2022,6/6/2022
Willdon,Kryszka,19/12/2022,3/6/2022,11/4/2022
Lorrie,Danielsky,21/1/2023,13/4/2023,16/9/2023
Munroe,Halling,8/6/2022,5/9/2022,6/7/2023
Barbe,Shipman,29/7/2023,7/8/2023,28/3/2022
Andonis,Kiffin,9/11/2022,28/9/2022,5/7/2024
Jesus,Antonucci,24/8/2022,,
Irving,Mughal,24/9/2023,18/5/2023,31/7/2023
Valentia,Reisk,,,
Silva,Legging,7/3/2023,2/2/2023,18/5/2022
Rodie,Soggee,16/1/2023,10/9/2023,2/9/2023
Son,Mees,7/2/2023,6/1/2023,22/9/2023
Merlina,Cacacie,24/2/2023,8/3/2023,19/1/2023
Avie,Mulcahy,10/10/2022,5/5/2022,14/7/2022
Jack,Aleksankov,24/6/2022,11/1/2023,26/4/2024
Ilse,Kid,6/10/2022,31/8/2023,21/4/2022
Monika,Reedy,9/9/2023,8/10/2023,22/7/2024
Magdalene,Jorn,8/1/2023,10/9/2023,10/3/2024
Midge,Coverly,30/8/2022,9/3/2022,2/4/2023
Findley,Chilcotte,5/6/2023,12/3/2023,5/6/2024
Jenica,Fibbens,23/2/2023,4/6/2022,8/5/2024
Jilleen,Eberz,11/2/2023,13/3/2023,25/12/2021
Berny,Pate,,18/8/2022,22/2/2022
Gustavo,Mitchener,21/5/2023,,
Benedicto,Jimes,16/2/2023,11/4/2022,8/7/2024
Jeane,Connold,9/7/2022,5/2/2023,5/4/2023
Gun,Boniface,,15/5/2022,2/4/2023
Joaquin,Lightewood,27/7/2022,29/8/2023,22/11/2022
Matty,Watson-Brown,9/5/2023,3/9/2022,2/9/2023
Hamilton,Wadesworth,9/1/2023,13/5/2022,22/8/2023
Dreddy,Croad,26/8/2023,22/7/2022,28/2/2022
Danika,Torri,1/7/2022,20/9/2022,8/2/2024
Kessiah,Bargery,28/10/2022,22/3/2022,30/7/2023
Norbie,Lascell,12/6/2023,9/9/2022,26/2/2023
Lennie,Leedal,24/7/2022,4/3/2023,22/6/2023
Niles,Ardling,5/2/2023,1/6/2022,8/1/2023
Anet,O'Shavlan,28/7/2023,11/6/2022,15/9/2022
Thacher,Ghiotto,27/5/2022,9/8/2022,1/4/2023
Ora,Detoile,22/3/2023,12/6/2023,25/12/2022
Lethia,Izhaky,,1/8/2023,23/6/2023
Allyce,Skingle,,24/7/2023,28/8/2022
Lisle,Doughty,21/6/2023,,
Lesly,Catlette,15/12/2022,10/3/2022,7/5/2022
Evangelin,Geale,,26/7/2022,17/3/2022
Issie,Devin,28/5/2023,11/4/2022,9/10/2023
Yank,Ramme,13/6/2022,,
Augustina,Ratie,15/9/2023,,
Tiebout,Lanceter,18/8/2023,29/3/2023,13/3/2022
Garek,Langhorne,,2/5/2023,19/8/2022
Elna,Ilive,3/7/2023,18/9/2023,11/4/2024
Reggy,Follitt,27/9/2022,29/8/2023,24/12/2021
Kimmy,Byas,1/11/2022,14/12/2022,16/10/2022
Ade,Silver,20/9/2022,10/5/2022,26/8/2022
Josefina,Skellion,10/7/2023,2/10/2022,25/9/2023
Nicoline,Marishenko,1/7/2022,26/3/2023,1/4/2023
Aleece,Keitley,,18/11/2022,5/4/2024
Berty,Haines,30/3/2023,4/11/2022,15/10/2022
Lissie,Stoffels,26/7/2023,23/8/2022,17/5/2024
Lyman,Ollie,29/8/2023,18/12/2022,2/9/2022
Laurice,Chark,11/1/2023,,
Fergus,Moakes,24/11/2022,3/7/2023,29/3/2024
Sergent,Stotherfield,5/9/2023,19/7/2022,6/5/2023
Delmar,Drayson,,17/6/2023,28/12/2022
Lenore,Ferenc,18/9/2023,25/3/2023,19/2/2024
Patrice,Cullrford,12/5/2022,3/9/2023,10/1/2024
Ado,Dunkerton,9/10/2022,1/12/2022,5/4/2024
Leighton,Ludron,17/11/2022,19/9/2022,2/3/2024
Mathias,Chadwen,10/6/2023,,
Shirlee,Chasteney,,28/2/2022,11/9/2023
Kristan,Holgan,20/1/2023,26/2/2023,23/2/2022
Elsinore,Boecke,30/4/2023,11/9/2022,5/9/2023
Libbie,Jeffcoat,,11/3/2022,21/6/2022
Hubert,Tripney,10/7/2022,14/8/2022,5/5/2024
Teddie,O'Doghesty,13/4/2023,3/8/2023,5/2/2022
Vergil,Tollet,,31/12/2022,5/2/2022
Petra,Gorling,24/2/2023,,
Cortney,Faire,17/8/2023,27/12/2022,2/7/2022
Currey,Mouat,,24/1/2023,2/2/2024
Esra,Harvie,13/9/2023,13/5/2023,26/12/2022
Neilla,Barke,21/2/2023,6/1/2023,26/5/2024
Conrado,Dearn,19/1/2023,25/3/2022,1/8/2023
Clarissa,Bickell,11/12/2022,29/3/2022,23/10/2023
Jessalin,Franklyn,1/6/2023,18/6/2022,29/4/2022
Willette,Anslow,1/5/2023,13/4/2022,28/5/2022
Aleksandr,Izkovitz,23/4/2023,22/3/2022,9/9/2023
Giusto,Hiscocks,24/9/2023,26/5/2023,5/6/2024
Vernen,Frisby,4/10/2022,19/4/2023,23/12/2021
Felicia,Swapp,20/2/2023,22/9/2023,8/2/2024
Coraline,Ratledge,12/7/2023,3/5/2022,1/4/2023
Alair,Hotton,7/9/2022,25/6/2022,2/8/2023
Friedrich,Tyas,19/3/2023,17/12/2022,13/10/2023
Oswald,Ebbens,4/6/2023,12/4/2023,30/3/2024
Addia,Gearing,6/8/2022,25/7/2022,28/1/2023
Lizabeth,Kittiman,1/9/2023,27/11/2022,12/6/2022
Carolyne,Amoore,6/8/2022,21/4/2023,15/3/2024
Nicolea,Dodell,16/3/2023,13/6/2022,2/10/2022
Rosalinda,Durgan,25/7/2022,10/7/2023,16/12/2022
Melloney,McConachie,8/2/2023,8/7/2022,29/8/2022
Shalne,Clemence,3/3/2023,11/5/2023,18/2/2023
Gibbie,Folan,26/6/2022,28/3/2023,13/5/2022
Aguie,Macbane,23/5/2022,17/3/2023,25/7/2022
Harvey,Petroselli,10/5/2023,17/9/2022,9/1/2024
Hastings,Darville,23/10/2022,,
Coleen,Kantor,14/5/2023,16/4/2023,17/10/2023
Myrah,Blinerman,5/5/2023,25/11/2022,4/5/2024
Yevette,Rizzolo,4/10/2022,27/5/2022,17/9/2023
Emmit,Haywood,30/10/2022,10/8/2022,18/2/2024
Vincenty,Baudino,18/8/2023,9/9/2023,17/6/2024
Mitch,Woodland,2/11/2022,24/1/2023,27/5/2022
Karlens,Wilce,28/2/2023,29/1/2023,2/7/2024
Olva,Berkely,22/10/2022,31/1/2023,8/6/2024
Burgess,Bresson,16/2/2023,18/4/2023,23/2/2023
Cyrille,Habergham,30/8/2023,11/1/2023,23/10/2023
Englebert,Harnetty,,25/10/2022,11/9/2023
Vick,Friedenbach,,3/10/2022,30/9/2022
Carine,Giacopini,8/9/2023,7/3/2023,14/5/2024
Joceline,Parsons,27/12/2022,,
Oralia,Stair,21/11/2022,30/8/2022,16/11/2023
Fidelia,Floyd,3/5/2022,18/5/2023,9/12/2022
Conny,Eim,,12/10/2023,19/3/2023
Delinda,Del Castello,25/10/2022,28/8/2023,14/11/2022
Humbert,Spong,,,
Ruby,Coetzee,17/9/2022,17/11/2022,13/3/2024
Murvyn,Killingbeck,,22/11/2022,6/1/2023
Konstanze,Clethro,13/1/2023,31/5/2022,15/6/2023
Cinderella,Sellwood,27/7/2023,7/3/2023,14/1/2022
Chiquia,Duckett,8/12/2022,4/8/2022,21/6/2023
Brigida,Hackworthy,24/8/2023,14/3/2023,11/7/2023
Sheffield,Berndsen,8/10/2022,10/6/2022,17/5/2023
Abbe,Clelle,22/8/2023,11/12/2022,12/8/2022
Amity,Fazan,9/1/2023,,
Brantley,Szach,19/8/2022,7/2/2023,10/4/2024
Gilbert,Dood,,3/7/2022,12/7/2022
Patrice,Curado,,9/12/2022,9/7/2022
Oralie,Ollive,,13/12/2022,10/7/2023
Patience,Worvell,20/8/2023,,
Zabrina,Surr,15/6/2023,25/2/2023,21/11/2022
Lisha,Dunkerly,19/11/2022,26/3/2022,24/6/2024
Carce,Pettigree,29/3/2023,16/9/2023,20/3/2022
Clara,Garley,,26/4/2023,8/4/2022
Felice,Duffet,21/12/2022,19/4/2022,24/11/2023
Benedicta,Armell,30/10/2022,13/4/2023,5/8/2022
Trix,Hadigate,17/5/2022,23/7/2022,20/1/2024
Mela,Huison,31/10/2022,15/5/2023,27/11/2023
Minetta,Hillburn,1/8/2023,21/5/2023,18/11/2022
Eustacia,Davenall,4/3/2023,2/3/2022,14/4/2024
Stephan,Colecrough,16/1/2023,10/11/2022,2/5/2023
Leroi,Whereat,9/7/2023,13/2/2023,3/4/2022
Genvieve,Itscovitz,28/8/2022,9/7/2023,16/6/2022
Pablo,Casajuana,21/4/2022,17/2/2023,11/5/2024
Karel,Ruffle,22/7/2023,28/5/2022,29/11/2023
Ira,Kidby,7/7/2023,1/11/2022,10/7/2023
Jesse,Anscott,12/8/2023,9/8/2023,23/10/2022
Cassandra,Ormistone,25/8/2023,31/7/2022,19/7/2024
Torry,Addess,18/11/2022,16/6/2022,12/7/2024
Renard,Sherburn,9/8/2022,,
Lesley,Allso,,17/9/2022,11/7/2023
Aldwin,Varvell,5/11/2022,19/11/2022,29/12/2021
Marcile,Casebourne,3/7/2023,23/4/2022,2/9/2023
Avigdor,Holtaway,30/7/2022,28/6/2022,14/4/2022
Cathie,Theunissen,15/12/2022,25/2/2023,18/9/2022
Turner,Bulch,7/7/2023,2/3/2022,1/10/2022
Kissiah,Chezelle,25/11/2022,29/6/2023,4/8/2022
Carley,O'Dowgaine,31/12/2022,23/2/2023,16/9/2022
Sella,Tuley,19/8/2022,12/4/2022,3/12/2023
Shay,Vint,19/4/2023,16/10/2023,16/4/2023
Parry,Bavridge,1/5/2023,,
Halsey,Braywood,9/4/2023,29/8/2023,7/10/2023
Laverne,Reuther,22/7/2023,18/12/2022,1/1/2022
Aryn,Matczak,10/3/2023,28/8/2023,19/2/2023
Cookie,Datte,8/7/2022,23/7/2023,23/1/2022
Gill,Boag,11/9/2022,24/5/2022,20/12/2023
Rosabel,Coulbeck,,2/5/2022,22/8/2022
Camellia,Scandroot,19/8/2023,,
Michal,Lind,8/9/2022,19/9/2023,18/7/2024
Rosita,Alvis,,4/4/2023,18/4/2023
Boote,Shoreman,22/12/2022,27/6/2022,13/5/2023
Caryn,Tremayne,,29/4/2022,22/12/2021
Annabelle,De Winton,,19/11/2022,13/1/2022
Pearce,Willgrass,11/8/2023,5/7/2022,17/11/2023
Katerina,Dunderdale,19/4/2023,16/2/2023,15/6/2022
Karon,Peres,30/3/2023,21/3/2022,24/4/2023
Gael,Franssen,10/1/2023,16/8/2023,19/11/2023
Sig,Stafford,26/4/2023,27/3/2022,19/2/2023
Bord,McGurk,7/8/2022,5/7/2022,4/3/2022
Jackson,Sparshutt,20/8/2022,20/6/2023,14/5/2023
North,McCorley,,19/9/2023,27/6/2024
Priscilla,Lawly,19/4/2022,19/5/2023,10/6/2022
Cesya,Jennens,3/7/2022,7/7/2023,17/2/2023
Jamill,Norton,21/11/2022,12/6/2022,29/4/2022
Egan,Edwins,20/7/2022,18/8/2022,16/2/2022
Danielle,Burstowe,31/8/2023,31/5/2023,27/12/2023
Rasia,Philbrick,10/6/2023,10/11/2022,3/1/2023
Aluin,Upjohn,19/5/2023,28/7/2023,16/8/2022
Denni,Lesek,16/7/2023,27/7/2023,22/5/2023
Micah,Duiged,3/2/2023,8/10/2023,4/2/2023
Hyacinthe,Daynter,2/10/2022,11/3/2023,24/1/2022
Bernardine,Lillgard,26/9/2023,2/11/2022,20/4/2023
Bernardo,Lattin,4/12/2022,25/12/2022,27/12/2022
Kimberli,Sachno,26/5/2022,14/8/2022,27/1/2023
Myrtie,Rennard,13/4/2023,13/9/2023,8/10/2023
Gallagher,Ortner,17/6/2023,19/7/2022,18/5/2023
Lorinda,Gerant,26/9/2023,,
Gino,Minmagh,12/7/2023,4/6/2022,25/12/2023
Deeanne,Scoyne,22/9/2022,9/11/2022,8/12/2022
Balduin,Halesworth,,10/3/2023,5/6/2022
Jory,Ommundsen,5/12/2022,4/4/2022,27/6/2022
Fergus,Tupling,,14/10/2023,2/4/2023
Melvyn,Coburn,20/10/2022,8/8/2022,12/8/2022
Meggie,Haseley,2/7/2023,11/4/2023,1/11/2023
Gunter,Pavlata,25/6/2022,21/3/2023,27/4/2022
Nowell,Moorman,26/7/2022,11/5/2023,25/3/2022
Rebekkah,Boadby,25/9/2023,,
Farrand,Mence,20/4/2022,30/4/2022,11/7/2024
Kennan,Reboulet,7/8/2022,17/8/2023,10/9/2022
Suzette,Pitford,21/9/2022,25/5/2023,26/2/2022
Sonnie,Woodyear,30/6/2022,6/10/2023,30/8/2023
Jeramey,Gauch,3/2/2023,24/2/2023,6/7/2022
Franklyn,Kelway,9/9/2022,3/9/2023,19/2/2022
Glennie,Rapper,28/7/2022,4/4/2022,7/7/2023
Mae,Trattles,12/10/2022,30/12/2022,4/8/2023
Allyce,Hirsthouse,17/10/2022,,
Patty,Pagon,,21/9/2022,18/7/2024
Richard,Pactat,,18/11/2022,4/1/2022
Mel,Nizard,10/8/2023,26/2/2023,27/5/2022
Issy,Rowswell,16/4/2022,13/6/2023,5/1/2023
Chalmers,Devey,28/5/2023,16/7/2023,8/10/2023
Raven,Makinson,9/9/2023,16/4/2023,12/4/2022
Maje,Capinetti,,16/3/2022,11/10/2022
Jefferson,Ion,20/4/2022,22/7/2022,12/11/2022
Flossie,Hammill,10/6/2023,9/10/2023,30/5/2023
Sherline,Carnegy,14/10/2022,6/1/2023,1/12/2023
Aaron,Oboy,18/2/2023,23/4/2022,10/10/2022
Geneva,Duligal,6/4/2023,,
Torrance,Idle,22/3/2023,,
Hilary,Biasini,7/7/2023,22/10/2022,23/12/2023
Benyamin,Dowdney,3/8/2022,27/8/2022,23/3/2023
Wolfy,Towhey,19/12/2022,,
Eduard,Eyes,28/1/2023,12/7/2022,31/10/2023
Zondra,Galbreth,,15/11/2022,8/8/2023
Renault,Wayper,15/5/2023,1/2/2023,19/9/2022
Keelby,Brabender,1/5/2023,9/10/2023,1/6/2022
Mireielle,Fontell,9/9/2022,23/2/2023,17/5/2022
Joela,Meaders,1/8/2023,20/9/2023,30/3/2024
Moyna,Furmedge,5/9/2022,,
Hew,Clubbe,5/6/2023,7/9/2023,4/10/2022
Ester,Slafford,4/6/2022,11/3/2023,11/1/2022
Eustacia,Mendenhall,24/7/2023,26/9/2023,1/10/2022
Myrvyn,Eunson,3/8/2023,14/3/2022,10/5/2023
Melodie,Choulerton,27/8/2023,24/4/2022,2/1/2024
Hale,Dodgson,15/3/2023,20/7/2023,6/6/2022
Erda,Paule,5/10/2022,4/7/2022,15/5/2022
Nikita,Sauvain,5/2/2023,7/9/2023,8/5/2023
Jedidiah,Doers,10/4/2023,31/7/2023,27/10/2023
Arabelle,Fawdrie,30/3/2023,23/11/2022,25/2/2024
Idalina,Chattey,1/7/2022,27/11/2022,23/1/2022
Tamiko,Spores,27/12/2022,15/3/2023,23/2/2024
Pebrook,Farnsworth,21/9/2022,3/2/2023,17/2/2024
Deane,Llorente,16/12/2022,27/10/2022,6/3/2022
Terrie,Berston,13/5/2023,22/7/2023,21/5/2024
Zelig,Daout,8/6/2023,13/5/2022,18/4/2022
Chlo,Paradin,16/5/2023,9/3/2022,28/5/2024
Isidro,Lucas,3/7/2022,23/6/2023,5/3/2023
Lynea,Skirling,6/8/2022,20/7/2023,16/3/2023
Belva,Dods,31/3/2023,15/4/2023,11/3/2022
Eudora,Pannaman,,25/7/2022,29/9/2023
Tabbatha,Wardhaugh,11/8/2022,5/10/2023,3/7/2024
Nixie,Aucott,15/6/2022,9/3/2023,21/1/2022
Garland,Noblett,8/8/2022,7/6/2022,24/12/2022
Catherina,De Francisci,11/6/2022,21/4/2022,13/4/2022
Ulises,Enocksson,9/5/2023,21/10/2022,17/7/2023
Neile,Killich,17/2/2023,4/1/2023,12/8/2022
Cassie,Slainey,29/8/2023,22/4/2022,24/5/2023
Dominic,Jaskiewicz,29/1/2023,,
Demetris,Kidson,24/10/2022,4/8/2022,8/4/2023
Georgie,Overthrow,,10/6/2022,8/3/2023
Emelyne,Dubois,6/2/2023,5/10/2022,17/10/2023
Garik,Tarply,13/8/2023,12/4/2023,16/1/2024
Aymer,Rugiero,6/4/2023,22/8/2023,21/12/2023
Marga,Yacob,,26/2/2023,27/2/2024
Ray,Brewer,10/6/2022,19/3/2022,5/4/2022
Porty,Markova,,10/6/2022,10/7/2022
Louisa,Ravel,13/11/2022,21/3/2022,2/1/2024
Ashil,Molson,10/2/2023,6/5/2022,8/8/2022
Graham,Gegg,21/1/2023,23/4/2023,20/4/2023
Chrysa,Philipsson,,7/7/2022,27/8/2022
Craggie,Coulsen,,29/12/2022,17/12/2022
Trey,Paddle,7/8/2023,12/2/2023,27/12/2022
Charlton,Crucitti,6/1/2023,22/1/2023,21/4/2022
Damian,Yakunin,1/6/2023,,
Stanton,Pellington,28/1/2023,12/6/2022,25/1/2024
Letisha,Gladtbach,27/7/2023,13/10/2022,4/4/2024
Lorilyn,Rapinett,16/11/2022,21/6/2022,12/5/2023
Rorke,Jarrette,7/8/2023,24/2/2022,15/4/2023
Veda,Edney,29/5/2023,27/4/2022,15/7/2022
John,Fredi,20/7/2022,11/11/2022,23/7/2023
Tedi,Scrivens,,26/12/2022,13/1/2023
Alis,Clubb,6/7/2023,18/9/2022,6/3/2022
Lelia,Ayce,13/1/2023,5/1/2023,30/4/2023
Maurits,Bennedick,17/12/2022,,
Wat,Swaby,23/8/2022,17/3/2022,14/2/2022
Hayward,Willingale,4/1/2023,8/6/2023,17/2/2023
Fancy,Wynett,20/7/2022,18/9/2022,29/12/2022
Amelie,Alwin,27/12/2022,28/7/2023,26/3/2023
Skippie,Threlfall,17/4/2022,27/6/2022,13/9/2022
Enrika,Bodd,13/7/2023,19/4/2023,28/3/2023
Ives,Boyes,5/1/2023,14/8/2022,13/3/2023
Sammy,Giampietro,4/1/2023,19/9/2022,20/8/2022
Brina,Torrent,,14/7/2023,26/11/2023
Oralia,Klemmt,20/4/2022,12/11/2022,7/5/2023
Rinaldo,Jakolevitch,31/8/2022,21/1/2023,28/2/2022
Pris,Maud,16/3/2023,6/8/2022,18/6/2022
Renard,Coryndon,4/9/2023,10/1/2023,24/7/2022
Evonne,Hyndson,9/8/2022,13/4/2022,8/5/2024
Carilyn,Bissex,12/9/2022,8/5/2022,28/12/2022
Orelee,Vallentin,,26/5/2022,8/10/2023
Lenci,Cranny,,27/8/2022,22/12/2022
Davey,Ewers,24/7/2023,14/10/2023,26/5/2024
Misti,Crowest,2/7/2023,,
Lauren,Kemmey,27/6/2022,15/4/2023,14/4/2023
Ginni,Terbruggen,6/7/2022,20/11/2022,9/3/2022
Caresse,Jebb,5/3/2023,18/7/2023,30/11/2022
Lorry,Maylor,,1/4/2023,17/7/2024
Katinka,Blacket,1/5/2022,4/8/2023,30/12/2021
Doro,Birds,25/10/2022,8/4/2022,31/1/2023
Shae,Henken,2/1/2023,25/4/2022,9/7/2022
Hope,Gemnett,23/8/2022,,
Darnall,Stent,29/7/2023,21/7/2022,15/5/2023
Aurlie,Maywood,15/9/2023,17/6/2023,17/11/2023
Rosie,Solman,1/8/2022,8/8/2023,29/3/2024
Daniel,Rowston,7/9/2022,,
Dickie,Parton,9/2/2023,29/6/2023,25/9/2023
Betsy,Cairns,,30/8/2022,3/6/2023
Keeley,Blazek,,1/1/2023,30/3/2024
Jerrine,Kleyn,19/8/2022,,
Meyer,Clifft,14/10/2022,9/11/2022,21/3/2023
Andriana,Pedycan,9/6/2023,11/10/2022,13/7/2022
Free,Dunge,14/11/2022,11/5/2022,3/8/2023
Pavla,Laux,5/9/2023,1/8/2023,5/5/2024
Launce,Tommeo,16/6/2023,27/4/2023,10/2/2022
Alberto,Gunderson,31/3/2023,13/3/2022,24/8/2023
Lorene,Berrecloth,19/9/2023,6/8/2023,18/12/2022
Tallulah,Jaycock,10/2/2023,7/4/2023,11/9/2023
Ted,Louw,8/4/2023,26/5/2022,5/4/2022
Gannie,Gildersleaves,16/6/2022,12/7/2022,11/3/2022
Livvyy,Dowber,23/12/2022,26/10/2022,21/12/2022
Shani,Grimsditch,26/4/2023,11/3/2023,2/11/2023
Jozef,Simanek,,18/8/2022,21/2/2023
Bond,Yannikov,28/7/2023,21/1/2023,12/3/2024
Marnie,Morigan,23/6/2022,14/12/2022,9/7/2023
Godfrey,Spindler,15/4/2023,,
Artair,Becerra,16/9/2023,5/12/2022,3/12/2022
Kingsly,Scallon,4/4/2023,,
Jo-ann,Waterstone,21/4/2023,21/9/2023,15/1/2022
Cornelia,Cockin,12/4/2023,31/7/2022,25/3/2024
Mattie,McLucas,18/6/2022,27/7/2022,5/5/2024
Georgina,Taillant,25/7/2023,4/6/2022,8/3/2022
Christean,Mc Corley,1/4/2023,,
Alastair,Joyes,4/11/2022,22/1/2023,9/5/2023
Georgie,Ralfe,2/8/2023,20/4/2022,31/7/2022
Christyna,Wreakes,24/1/2023,31/8/2023,25/6/2024
Caressa,Dimmer,3/7/2022,14/8/2022,22/8/2022
Karrah,Gerdts,23/4/2022,9/11/2022,11/4/2023
Millard,Gosforth,19/4/2022,30/6/2022,28/1/2024
Saundra,Evequot,30/5/2022,9/10/2022,5/5/2023
Fairfax,Boxall,13/3/2023,29/1/2023,15/3/2022
Lilyan,Fidell,19/3/2023,15/5/2023,1/4/2022
Sheena,Glison,21/1/2023,14/1/2023,11/4/2023
Humberto,Crozier,,9/10/2023,20/5/2024
Lara,Chicchelli,,18/4/2022,13/12/2023
Raychel,Blunkett,,9/10/2023,1/6/2024
Maren,Bruhnicke,9/6/2023,27/3/2023,24/3/2024
Kaylyn,Sleford,5/9/2022,10/5/2023,20/10/2023
Allard,Ells,21/10/2022,23/8/2023,18/8/2022
Jessy,Undrell,9/8/2023,31/5/2023,1/9/2023
Anita,Prendergrass,15/3/2023,30/3/2023,22/12/2023
Bradan,Comerford,28/1/2023,7/4/2023,9/5/2023
Barnebas,Dawltrey,22/6/2022,30/7/2022,23/2/2022
Kyle,Mowne,17/11/2022,29/4/2022,28/8/2023
Brockie,Philo,24/6/2023,26/6/2022,17/7/2024
Jennica,Kindread,13/4/2023,21/10/2022,17/2/2024
Witty,Keddy,,19/10/2022,20/5/2022
Giana,Bengochea,6/11/2022,31/5/2023,4/1/2023
Tomas,Scragg,23/12/2022,17/8/2023,27/10/2023
Leoine,Pasterfield,,29/4/2022,31/10/2023
Bastien,O'Hallihane,19/4/2023,27/5/2023,31/3/2023
Parry,Rouke,2/5/2022,,
Lesya,Jarvie,8/2/2023,11/9/2022,31/8/2022
Ker,Jellybrand,,26/7/2023,29/10/2023
Anthony,Gurnell,2/8/2022,1/3/2022,20/5/2022
Dani,Tippings,14/4/2023,13/4/2022,5/9/2023
Carny,Ecclestone,18/3/2023,6/3/2023,14/12/2023
Vince,Capstake,5/6/2023,,
Bing,Pitkin,,23/9/2022,1/12/2022
Hermia,Poll,,29/3/2022,28/6/2022
Blanca,Byway,9/10/2022,11/5/2023,25/12/2022
Sonya,Pocklington,16/8/2023,27/2/2022,26/4/2024
Ashton,Stanhope,30/6/2023,23/12/2022,6/7/2024
Sorcha,Carsberg,25/11/2022,8/9/2022,23/9/2023
Bartlet,Setterington,29/6/2022,20/3/2022,29/12/2021
Fay,Dalinder,13/8/2023,10/4/2023,10/11/2023
Stanfield,Rowett,25/4/2022,18/8/2022,1/6/2022
Laurens,Seary,24/7/2023,24/4/2022,30/12/2021
Sindee,Block,24/3/2023,2/10/2023,13/10/2022
Miranda,Caress,18/9/2023,27/4/2022,2/12/2022
Vanya,Puddin,8/5/2023,,
Loren,Daulby,23/7/2022,10/3/2023,1/8/2023
Kendall,Venney,,,
Jandy,Clynmans,12/6/2022,4/6/2022,31/1/2023
Holli,Kirrage,8/5/2022,25/3/2023,16/5/2022
Veda,Rawlings,6/7/2022,23/7/2022,8/2/2024
Jere,Vernalls,3/6/2023,26/10/2022,19/3/2022
Chickie,Hannah,31/8/2022,6/2/2023,21/1/2023
Bendick,Venable,16/3/2023,21/2/2023,5/3/2023
Sheila,Tofanelli,1/2/2023,4/5/2023,13/3/2022
Coleen,Glede,22/2/2023,11/10/2023,2/3/2022
Bucky,Nand,7/3/2023,,
Bill,Tomaello,4/5/2022,4/2/2023,21/1/2024
Thain,Whyffen,28/6/2022,8/4/2023,13/4/2024
Bobina,Lankford,8/4/2023,16/11/2022,30/5/2022
Gaynor,Mobius,29/1/2023,,
Nata,Berthomieu,18/1/2023,7/10/2022,2/4/2023
Philip,Kuhlen,12/1/2023,1/3/2022,8/8/2022
Benedetto,aManger,12/6/2022,,
Odele,Matijasevic,22/11/2022,30/11/2022,24/6/2023
Chrotoem,Hudd,5/11/2022,14/7/2023,23/12/2021
Kikelia,Davley,,24/12/2022,10/5/2022
Glynda,Martland,9/12/2022,18/6/2022,12/9/2022
Fowler,Silbersak,,17/6/2022,17/4/2024
Lenci,Diamond,22/9/2022,10/8/2023,11/4/2023
Robers,Backshill,,1/11/2022,9/4/2024
Lacy,Blayd,8/5/2023,23/8/2023,27/1/2023
Brewster,Bragger,18/7/2023,26/6/2022,18/7/2024
Deonne,Scutt,22/5/2023,22/3/2022,2/5/2023
Iggy,Aubri,17/12/2022,30/7/2023,1/5/2023
Bronny,Olenchenko,11/2/2023,12/2/2023,24/5/2024
Marylinda,Sweatland,27/9/2023,19/9/2023,8/4/2022
Dredi,Allder,26/7/2023,26/10/2022,26/12/2023
Julee,Lochead,23/5/2022,4/3/2023,21/12/2023
Fanny,Mullord,9/9/2022,3/3/2023,6/11/2023
Marne,Spilling,16/8/2022,,
Freeman,Fernihough,19/6/2022,12/8/2022,22/3/2023
Elonore,Salvadori,29/5/2022,5/8/2022,17/1/2024
Maureen,O'Hanley,5/7/2023,29/9/2022,19/11/2023
Valina,Terzi,31/5/2022,25/3/2023,20/3/2024
Fayette,Melledy,21/8/2022,1/6/2023,25/3/2023
Jolie,Thorlby,,18/10/2022,6/9/2023
Karyl,Haldane,28/6/2022,13/2/2023,12/5/2022
Judd,Canland,,13/9/2023,24/1/2022
Zared,Cubbon,17/5/2023,11/4/2022,24/9/2023
Jobi,Radin,12/10/2022,27/2/2022,11/9/2022
Rubia,Beardsdale,5/8/2022,27/8/2022,22/6/2023
Bary,Filasov,28/8/2022,3/2/2023,8/7/2023
Yoshiko,Leyson,30/12/2022,6/7/2023,10/1/2022
Latia,Trenholm,29/4/2023,29/7/2023,13/11/2022
Lindy,Vaune,29/1/2023,,
Latrena,Lucks,16/7/2022,8/9/2023,4/8/2023
Chevalier,Aronson,,3/10/2022,25/5/2022
Farrand,Wortman,27/11/2022,29/9/2022,4/10/2023
Maribelle,Keasy,,24/8/2022,25/2/2024
Arny,Carus,5/8/2022,7/8/2023,7/8/2023
Harris,Ilott,30/3/2023,20/11/2022,4/3/2024
Sallyann,Perryman,28/5/2023,12/9/2022,2/8/2023
Zedekiah,Rothermel,8/5/2022,2/5/2023,6/4/2022
Cleve,Roseaman,26/3/2023,6/1/2023,29/7/2023
Kimmy,Pridden,19/9/2023,27/10/2022,13/6/2023
Liane,Megarry,,22/10/2022,28/11/2023
Cloe,Bengtson,3/10/2022,10/5/2023,16/4/2023
Marita,Trevear,25/3/2023,5/7/2022,18/4/2022
Doralyn,Waker,12/8/2022,13/6/2022,13/11/2023
Caresse,Catcheside,7/10/2022,13/9/2023,4/11/2022
Pamella,Iverson,18/7/2023,15/6/2023,19/5/2024
Anabella,Badcock,12/12/2022,22/5/2022,20/9/2023
Meriel,Draude,9/7/2022,4/5/2022,25/1/2023
Link,Mulmuray,21/7/2022,13/4/2022,19/11/2023
Inez,Andreaccio,23/12/2022,15/8/2022,5/7/2024
Ilise,Mendoza,20/11/2022,11/9/2023,25/11/2023
Yard,O'Lennachain,25/9/2022,20/12/2022,13/2/2022
Preston,Tumayan,2/8/2022,17/1/2023,5/4/2024
Myrna,Cobelli,17/9/2023,2/12/2022,20/4/2024
Nicki,Brailey,11/10/2022,9/5/2023,6/3/2023
Marlo,Rouchy,2/11/2022,13/1/2023,2/1/2023
Valery,Espinheira,2/5/2022,31/3/2023,15/9/2023
Joanne,Mourton,16/6/2022,10/5/2022,22/6/2024
Evania,Burhouse,2/5/2022,15/11/2022,1/11/2022
Giffer,Sarfat,24/6/2022,17/3/2022,23/12/2022
Claudia,MacGiany,29/1/2023,1/1/2023,4/1/2024
Guinevere,Drejer,6/6/2022,30/4/2022,28/12/2022
Ricard,Coggings,9/9/2022,1/8/2023,11/5/2022
Otha,Runnalls,12/4/2023,9/1/2023,12/4/2023
Estevan,Padgett,7/11/2022,30/12/2022,29/3/2022
Adelle,Mattaus,6/7/2022,6/10/2022,31/7/2023
Hildagard,Kira,16/1/2023,26/1/2023,28/1/2024
Barby,Danby,25/12/2022,10/3/2022,2/2/2023
Dallas,MacGiffin,,1/3/2023,19/4/2022
Zack,Gaddie,28/7/2022,24/1/2023,20/1/2024
Jacklyn,Geharke,,,
Timmie,Duffit,16/1/2023,,
Stacey,Heball,29/7/2022,,
Corty,Fleeman,6/6/2022,14/5/2022,20/4/2023
Kiah,Finn,5/5/2022,21/8/2022,25/3/2022
Daphene,Delhanty,7/5/2023,7/10/2023,11/7/2024
Nester,Insall,27/9/2023,16/2/2023,4/1/2023
Gael,Afield,20/9/2022,30/11/2022,19/4/2023
Jerrome,MacPake,2/8/2023,16/11/2022,27/5/2023
Devin,O' Reagan,24/2/2023,,
Trude,Harnwell,10/3/2023,23/6/2022,26/5/2023
Florance,Colin,28/6/2023,22/3/2023,16/1/2023
Aigneis,Batiste,,16/6/2023,30/4/2024
Karola,Hastwell,14/6/2023,20/3/2022,17/6/2022
Anya,Rantoull,,13/3/2023,28/3/2023
Ulrich,Casarini,,10/12/2022,27/3/2024
Fred,Loughton,23/11/2022,11/3/2023,26/12/2023
Fabe,Egginton,29/1/2023,29/8/2022,24/8/2022
Scarlet,Gibbonson,30/9/2022,18/1/2023,1/5/2022
Nadiya,Brian,28/7/2022,25/7/2023,19/1/2024
Ashley,Riba,15/11/2022,26/12/2022,18/5/2024
Oliviero,Percifull,17/8/2023,15/8/2023,1/2/2024
Yehudit,Schutte,25/7/2023,23/3/2022,2/4/2024
Crin,Delacour,10/3/2023,5/10/2022,21/3/2023
Erastus,MacKeever,,20/9/2022,2/3/2024
Charmaine,Burcher,14/3/2023,,
Theodora,Pheasey,,16/6/2022,23/12/2023
Karlis,Newart,12/3/2023,3/4/2023,23/2/2023
Uri,Orans,6/6/2022,1/8/2022,1/3/2022
Irving,Brobeck,,4/6/2023,15/9/2022
Noreen,Jacobsen,6/9/2023,24/7/2022,19/9/2022
Martin,Bollini,17/4/2022,8/7/2023,4/12/2023
Jacky,Lassells,12/9/2022,26/6/2023,21/11/2022
Smitty,Sisnett,18/12/2022,22/8/2023,23/1/2023
Livy,Littefair,23/6/2023,16/5/2023,8/4/2024
Anissa,Edney,5/4/2023,2/7/2023,22/12/2023
Nev,Pennycuick,,18/5/2023,13/6/2023
Claribel,Kitteringham,26/6/2023,7/4/2022,17/3/2023
Stanislas,Walisiak,16/12/2022,29/8/2022,18/8/2022
Demetrius,Mation,1/7/2022,9/9/2022,12/4/2022
Philip,Fremantle,24/5/2023,12/10/2022,25/4/2024
Roxana,Onn,11/3/2023,,
Wilona,Folkerts,,,
Lynett,Twinn,,19/12/2022,4/3/2024
Ilse,Jedraszek,15/1/2023,24/7/2023,5/10/2023
Yorker,Saltman,7/1/2023,13/7/2022,19/9/2023
Patrizio,Stuther,10/8/2023,20/4/2023,1/1/2024
Mellicent,Perrelli,16/6/2022,,
Carrissa,Nafziger,3/7/2022,24/8/2022,16/4/2023
Faunie,Lawry,1/5/2022,25/3/2022,27/11/2023
Alanson,Mallaby,20/8/2022,14/8/2023,16/1/2022
Faustina,Georgelin,,17/8/2022,6/4/2024
Ellerey,Mulliss,9/5/2023,7/5/2023,12/1/2024
Ganny,Dudney,19/8/2023,17/6/2023,12/3/2024
Maybelle,Magnus,12/6/2023,21/3/2022,30/9/2023
Laverna,Lange,2/4/2023,11/3/2022,17/3/2023
Skylar,Forsey,16/9/2023,24/5/2022,13/9/2023
Pat,Casaletto,24/6/2022,8/5/2023,11/4/2024
Steffen,Dunne,28/4/2022,22/8/2022,14/1/2023
Bobinette,Merrall,18/5/2022,9/6/2023,23/7/2022
Inga,Parrott,15/11/2022,30/5/2023,7/3/2023
Gordon,Albiston,17/5/2023,10/7/2022,3/4/2023
Norman,Le Grice,,,
Sampson,Haldenby,18/12/2022,25/12/2022,25/4/2024
Hedi,Clohessy,8/4/2023,18/1/2023,10/3/2023
Elie,Vargas,9/7/2023,20/4/2023,30/3/2023
Adaline,Balham,,,
Kean,Mallia,6/9/2023,24/6/2022,21/8/2022
Fianna,Moscrop,7/10/2022,8/9/2023,9/12/2022
Keslie,Skarin,,30/4/2023,27/4/2024
Kain,Ruller,7/12/2022,29/10/2022,29/10/2022
Tamar,Gilliland,,13/10/2022,19/5/2023
Emma,Barrett,29/10/2022,14/6/2023,16/5/2022
Cara,Mouser,28/10/2022,30/9/2022,10/5/2023
Shaine,Reeveley,20/7/2023,9/10/2022,13/11/2023
Zelma,Monier,,25/8/2022,27/4/2023
Gwendolen,Pedycan,24/11/2022,3/1/2023,25/9/2022
Lacy,Casseldine,13/6/2022,21/9/2022,13/5/2023
Krystal,Tunnick,,29/7/2022,28/5/2024
Maurise,Scandwright,2/12/2022,14/7/2022,22/12/2023
Erasmus,Valentine,14/12/2022,5/10/2022,10/1/2022
Shem,Abrahamowitcz,24/6/2023,25/7/2023,4/10/2023
Fawne,Andrez,23/8/2022,27/2/2023,6/9/2022
Shannon,Halworth,,18/11/2022,21/6/2023
Filip,Brundall,18/4/2022,8/8/2022,7/5/2022
Kylie,Broschke,23/8/2023,25/11/2022,6/1/2024
Tessa,Blinkhorn,,6/2/2023,17/7/2022
Shay,Brownscombe,13/8/2022,27/12/2022,3/1/2023
Adolphus,Derrington,6/5/2022,12/3/2023,10/4/2024
Micah,Kelberer,2/12/2022,9/5/2023,21/6/2022
Germaine,Richardet,10/6/2022,22/7/2023,29/6/2023
Carlos,Wheelton,5/12/2022,21/3/2023,25/10/2023
Liva,Aitkin,,25/6/2023,17/2/2022
Rhys,Loughney,15/5/2022,,
Brandy,Southey,30/4/2022,8/9/2022,8/12/2023
Lenette,Crossgrove,15/3/2023,17/8/2022,5/10/2022
Leoline,Gravet,10/12/2022,27/7/2022,1/7/2024
Maris,Dowsett,9/2/2023,25/1/2023,27/8/2023
Bernice,Pauli,1/12/2022,30/3/2023,6/9/2022
Katrinka,Folliss,10/5/2023,9/11/2022,2/3/2022
Barty,Hugk,12/4/2023,23/2/2023,17/2/2023
Yettie,Widdows,,16/3/2022,16/10/2023
Raquel,Midson,18/4/2023,6/4/2023,10/2/2024
Devlin,Gatley,11/6/2022,8/5/2023,3/7/2022
Kleon,Plaskett,,14/8/2022,7/7/2022
Tann,Broadbent,16/5/2022,12/10/2022,17/4/2022
Nicolea,Wauchope,22/6/2023,29/9/2023,19/11/2023
Ramsey,Witham,4/11/2022,4/7/2023,8/4/2024
Patty,Birchill,11/7/2023,2/8/2022,2/6/2024
Amelita,Tremmil,,13/5/2023,6/8/2022
Far,Dive,30/5/2023,7/9/2022,27/11/2022
Alexis,McLemon,8/6/2022,8/5/2022,28/1/2023
Lyndsie,Stiegars,5/12/2022,17/9/2023,15/8/2023
Martguerita,Havard,10/5/2022,,
Hailey,Yakovich,16/9/2023,26/9/2022,18/2/2024
Stacy,Bellard,19/6/2022,,
Ewell,Kinde,,,
Todd,Eadie,20/9/2022,25/2/2022,23/6/2023
John,Atwater,22/11/2022,15/4/2023,30/12/2022
Gaven,Waterfield,3/11/2022,15/10/2023,22/12/2022
Anna,Dewire,21/5/2022,17/5/2022,27/5/2024
Silvana,Tineman,4/6/2022,9/4/2022,24/2/2022
Sheree,Goggin,24/3/2023,30/9/2022,6/3/2022
Udall,Gaspero,15/4/2023,,
Amalia,Coyle,,31/1/2023,12/9/2023
Franchot,Birrell,5/6/2022,31/5/2023,6/7/2024
Grady,Hacquard,28/11/2022,2/12/2022,23/12/2021
Joey,Austin,19/8/2022,21/2/2023,7/4/2023
Alma,Turfes,3/10/2022,16/12/2022,1/5/2024
Quintin,Colecrough,,20/11/2022,14/5/2024
Lyndel,Tindley,27/2/2023,10/2/2023,19/5/2024
Baxy,Dreschler,2/6/2022,2/8/2023,17/8/2022
Harrie,Nassey,21/9/2023,11/5/2023,12/6/2023
Jamil,Cheine,15/9/2023,16/8/2023,28/11/2022
Wittie,Cutforth,20/7/2023,26/8/2022,30/12/2021
Muffin,Burdytt,15/10/2022,9/5/2023,4/11/2023
Kaylil,Maymand,15/10/2022,26/5/2023,6/3/2024
Wrennie,Silverthorne,17/6/2022,24/2/2023,3/1/2024
Amanda,Kincla,8/4/2023,,
Ferne,Vaughten,21/2/2023,29/7/2022,15/2/2024
Damon,Marion,,10/2/2023,12/3/2022
Roley,Waghorne,30/10/2022,30/8/2022,20/10/2022
Gayle,Janse,11/2/2023,18/9/2022,24/1/2024
Morgan,Airdrie,13/5/2023,3/3/2023,11/4/2024
Bill,Ambrois,22/5/2023,5/4/2023,26/12/2021
Nesta,Boerderman,22/4/2023,20/3/2022,7/10/2023
Audry,Bradburn,15/9/2023,6/12/2022,15/5/2023
Evelin,Forker,10/8/2023,8/5/2022,29/5/2024
Faith,Cartledge,27/8/2023,19/11/2022,3/1/2024
Chrysa,Dron,,5/1/2023,27/12/2023
Sunny,Rebanks,18/3/2023,2/3/2022,19/6/2023
Hanna,Ind,4/11/2022,12/11/2022,9/12/2022
Dede,Poundford,27/7/2022,31/1/2023,1/3/2024
Bren,Ripsher,15/9/2022,27/6/2022,10/1/2024
Eal,Strang,1/8/2022,2/10/2023,21/2/2022
Lucho,Matzeitis,20/6/2022,13/3/2023,24/4/2023
Inga,Dawidowitz,1/9/2023,7/8/2023,13/9/2022
Leandra,Chevolleau,16/6/2023,15/7/2023,7/8/2022
Reinold,Goatman,16/5/2022,27/9/2022,6/8/2023
Concettina,Rosenbusch,30/12/2022,22/11/2022,15/9/2022
Pablo,Massot,16/4/2022,16/10/2022,10/3/2023
Ave,Tiltman,15/11/2022,3/10/2023,20/11/2023
Cheryl,Markey,14/4/2023,28/11/2022,9/1/2023
Gail,Acaster,13/7/2023,26/12/2022,20/6/2022
Fredrika,Robertacci,13/8/2023,31/3/2023,20/5/2022
Gusta,Croson,26/9/2022,2/4/2023,1/9/2023
Gertrude,Potteridge,12/5/2023,4/11/2022,16/5/2024
Nickey,Ivers,25/7/2022,19/4/2022,12/3/2023
Loreen,Rubinshtein,22/6/2022,15/9/2022,28/2/2022
Caty,Vasyunkin,9/8/2022,19/7/2022,2/3/2023
Susanetta,Doll,,9/10/2023,24/12/2021
Ennis,Kelloch,13/8/2022,21/4/2023,4/11/2022
Pauli,McWilliam,,9/10/2023,2/1/2023
Reeta,Pirkis,5/12/2022,,
Coop,Childrens,13/5/2022,28/3/2023,12/3/2022
Gorden,Harpin,14/5/2022,23/6/2022,7/8/2022
Neal,Delea,16/6/2022,,
Burr,Wilcocks,31/3/2023,4/2/2023,30/11/2023
Erda,Yashaev,1/9/2022,28/8/2023,24/5/2023
Zachariah,De la Yglesia,18/5/2023,9/3/2022,24/1/2022
Krista,Floyed,17/8/2023,6/6/2022,19/6/2024
Ora,Gert,30/1/2023,20/4/2023,26/6/2022
Maritsa,Marcone,22/3/2023,29/9/2022,14/11/2023
Hilda,Scintsbury,18/1/2023,11/6/2022,19/7/2024
Stephani,Whytock,16/4/2022,31/8/2023,30/6/2024
Carie,Mechem,16/7/2023,8/7/2023,20/7/2022
Lazar,Pitkins,13/12/2022,26/11/2022,15/4/2023
Mallissa,Eynald,28/8/2022,9/11/2022,3/2/2023
Opalina,Bohlin,24/7/2022,19/2/2023,24/5/2024
Richmound,Dundon,27/4/2023,13/7/2022,26/8/2023
Scarface,McAvey,28/10/2022,10/12/2022,5/5/2023
Gayle,Duding,14/9/2022,12/3/2023,1/9/2022
Toby,Caplan,10/5/2022,29/3/2023,10/9/2022
Tracy,Moores,8/8/2022,24/2/2023,30/11/2023
Kaiser,Fitzpayn,17/11/2022,29/4/2023,1/10/2023
Lise,Jaquin,19/11/2022,6/9/2023,21/3/2022
Agnesse,Hebbard,14/9/2022,19/1/2023,9/6/2022
Aubine,Donoghue,18/11/2022,24/9/2023,4/6/2022
Merola,Wittke,13/1/2023,25/3/2023,21/11/2023
Florina,Mea,17/5/2022,,
Patrice,Vasnetsov,6/7/2022,19/6/2023,6/5/2022
Ardith,Celiz,31/5/2023,10/2/2023,25/10/2023
Kinny,Ceeley,30/11/2022,28/4/2023,18/4/2022
Minne,Mathieu,25/5/2022,25/5/2022,2/9/2022
Patience,Gambell,17/1/2023,6/10/2023,5/5/2022
Dionis,Utterson,23/11/2022,,
Gianina,Whilder,18/7/2022,25/9/2022,27/11/2023
Byrom,Rohlfing,,8/2/2023,10/10/2022
Janaya,MacKinnon,22/11/2022,8/5/2022,6/4/2024
Christie,Karlsson,21/10/2022,1/3/2022,30/9/2023
Riordan,Bosma,31/5/2023,1/10/2023,18/10/2022
Cary,Marzelle,13/4/2023,11/10/2022,27/8/2023
Kathrine,Collinge,3/9/2022,18/2/2023,20/10/2022
Leandra,Diggles,1/9/2023,19/10/2022,7/11/2023
Lauren,Clinning,4/10/2022,16/3/2022,18/3/2022
Cory,Letham,26/5/2022,3/9/2022,22/3/2022
Stefa,Happer,,15/6/2022,9/7/2022
Lazaro,Grzeszczak,16/6/2023,3/5/2023,28/3/2022
Trina,Kennon,8/3/2023,14/7/2023,7/6/2022
Maxwell,Leupold,29/9/2022,29/1/2023,17/3/2023
Catha,Setchfield,16/3/2023,28/8/2022,24/8/2023
Isabelle,Skilbeck,31/8/2022,6/12/2022,3/5/2022
Jacinta,Wearn,18/9/2023,16/4/2023,14/3/2024
Wolfgang,Tout,13/8/2022,8/4/2023,13/10/2022
Joline,Laidler,17/8/2023,21/4/2022,18/12/2023
Marcelo,Klassmann,21/5/2023,6/5/2023,5/6/2022
Zahara,Goodbar,28/6/2023,5/5/2022,6/1/2023
Agosto,Clifforth,6/4/2023,25/11/2022,30/3/2023
Lesley,Dombrell,8/9/2023,17/5/2022,6/5/2024
Vonny,Prettyjohn,18/4/2022,21/3/2023,16/1/2023
Bambi,Knapper,7/10/2022,9/4/2022,10/4/2022
Winston,Streatfield,17/6/2022,9/3/2023,7/2/2022
Marquita,Taile,4/5/2022,13/1/2023,24/11/2023
Bess,Bishopp,7/5/2022,26/12/2022,2/10/2023
Caresse,Jesson,4/6/2022,19/6/2023,23/2/2022
Wallis,Ballantyne,13/7/2022,,
Tymothy,Skunes,25/8/2023,1/11/2022,27/1/2023
Derrek,Pashbee,28/9/2022,11/10/2023,8/8/2023
Wit,Skillett,3/9/2023,15/8/2022,23/5/2022
Cristal,Spencook,22/3/2023,9/6/2023,31/5/2022
Dalis,Danher,,16/4/2023,8/3/2024
Lance,Kimber,11/11/2022,20/6/2022,21/7/2024
Dodie,Abate,,1/5/2022,21/4/2022
Mathe,Philp,20/7/2022,,
Yetty,Rapelli,26/10/2022,17/8/2023,4/6/2022
Christin,Edney,25/2/2023,11/9/2022,13/7/2022
Glenna,Sollett,10/5/2022,5/8/2022,2/11/2022
Marcella,Volett,21/4/2023,9/6/2022,16/7/2024
Lydia,Mowlam,29/8/2022,1/11/2022,11/10/2022
Merv,Gratrix,,21/1/2023,6/6/2024
Ginny,Bennellick,4/1/2023,18/2/2023,23/10/2022
Tabby,Markussen,21/4/2023,25/2/2022,13/11/2022
Judon,Gilhouley,30/10/2022,3/9/2022,7/7/2023
Jessika,Enga,16/6/2023,,
Karoly,Kidney,14/6/2022,25/9/2022,12/1/2022
Carole,Leydon,,5/9/2022,10/12/2023
Aldon,Burrows,,6/8/2022,17/1/2024
Ebba,Winslett,28/4/2022,22/11/2022,19/4/2024
Erik,Mandell,2/10/2022,27/9/2023,12/4/2022
Jehu,Sidebotham,8/6/2023,21/7/2023,17/8/2023
Golda,Buzza,4/9/2023,23/3/2022,15/12/2023
Modestia,Morales,21/7/2023,11/10/2023,14/7/2024
Bertina,Andryushchenko,31/10/2022,3/8/2022,24/9/2022
Goldy,Rodenborch,1/7/2022,2/3/2022,14/12/2022
Amabel,Spens,2/6/2023,16/5/2023,11/1/2023
Bearnard,Gummary,,25/9/2022,4/6/2022
Lynnell,Pavitt,12/9/2023,17/10/2022,18/7/2024
Rheba,Penquet,27/5/2023,6/3/2022,29/7/2022
Avery,Strowther,7/9/2023,8/8/2023,26/7/2022
Denyse,Maudlen,8/6/2023,15/4/2022,6/11/2022
Gasparo,Warner,11/6/2023,1/7/2022,22/6/2022
Ichabod,Allingham,15/10/2022,14/8/2023,12/5/2023
Rakel,Chezelle,17/4/2023,3/3/2023,21/4/2022
Bekki,Ryland,8/12/2022,23/5/2022,22/8/2022
Far,Lashley,9/9/2022,1/6/2022,31/7/2023
Axe,Jaycock,23/7/2023,23/4/2022,31/3/2024
Gayla,Altimas,23/11/2022,21/9/2022,26/9/2022
Ofella,Cain,9/2/2023,,
Karyn,Horry,17/6/2023,14/5/2023,16/3/2023
Maddalena,Tattersall,4/9/2023,5/8/2022,12/12/2022
Hayward,Doumic,6/11/2022,27/4/2023,12/8/2022
Karisa,Gabbetis,21/3/2023,9/6/2023,21/7/2022
Romola,Ellett,22/7/2023,20/7/2022,14/7/2024
Anatole,Wolstenholme,6/7/2023,,
Mab,Earry,10/4/2023,5/8/2023,15/12/2022
Tierney,Brando,25/12/2022,12/4/2022,4/11/2023
Gerrard,Trundell,21/7/2022,9/8/2022,23/12/2021
Trstram,Reveley,30/5/2022,27/6/2022,18/5/2024
Barbette,Vasilenko,,6/4/2022,26/9/2023
Edwin,Langstone,15/3/2023,13/10/2023,19/3/2022
Hadrian,Puffett,13/11/2022,22/3/2022,11/11/2023
Lindsey,Beckinsale,11/1/2023,,
Madalena,Steinhammer,16/4/2022,29/5/2022,27/2/2022
Rock,Marty,3/1/2023,8/12/2022,20/7/2024
Evie,Peaurt,3/7/2022,26/12/2022,8/1/2022
Andria,Snoden,,8/11/2022,7/9/2022
Gare,Twigge,10/5/2022,15/7/2022,17/2/2024
Trace,Heis,,21/12/2022,2/7/2023
Gael,Skirlin,23/8/2022,,
Franciska,Scain,12/1/2023,18/3/2023,17/5/2022
Emeline,Lyle,20/6/2022,1/6/2023,16/6/2024
Kath,Fraulo,9/9/2023,20/4/2023,16/5/2023
Dael,Skones,22/3/2023,31/5/2023,1/7/2024
Edeline,Rouch,8/2/2023,27/11/2022,16/8/2023
Davida,Calwell,4/6/2023,21/3/2023,18/11/2022
Farleigh,Bredgeland,24/12/2022,1/3/2022,30/6/2022
Emanuel,Buxsy,26/10/2022,17/6/2023,2/4/2024
Gaylord,Runnett,,30/3/2022,27/3/2024
Merilyn,Searle,,31/8/2022,1/7/2022
Josee,Woolford,10/7/2023,10/8/2022,1/4/2022
Kalila,Wallsworth,19/5/2022,30/12/2022,17/11/2022
Nonie,Vannacci,11/10/2022,18/12/2022,17/5/2022
Leigha,Ramiro,25/1/2023,19/9/2022,15/6/2022
Cordelia,Sherry,24/4/2023,14/4/2022,19/6/2024
Ceil,Disley,29/3/2023,1/12/2022,1/9/2023
Bryant,Brittle,22/9/2022,18/4/2023,2/6/2022
Nowell,Lambe,14/7/2022,16/4/2023,3/2/2024
Fidel,Reichert,17/9/2022,16/9/2023,26/5/2024
Angie,Lippiett,,13/10/2022,20/2/2023
Henri,Neilly,,6/6/2023,6/10/2023
Rubie,Rawlings,13/8/2023,14/4/2022,27/1/2024
Em,Holcroft,20/4/2022,19/8/2022,3/2/2022
Nickolai,Lempenny,20/9/2023,20/8/2023,27/8/2022
Arlan,Lavall,15/8/2022,10/6/2022,5/4/2024
Malina,Brigstock,28/4/2023,4/8/2022,23/2/2024
Ramsay,Wessing,14/1/2023,16/8/2022,28/2/2022
Chrysler,Notti,30/12/2022,5/12/2022,26/6/2023
Bogart,Persitt,12/6/2022,13/3/2022,13/7/2024
Kari,Possa,,,
Joseph,Stiddard,13/9/2022,,
Emelina,Adrienne,14/12/2022,,
Dulcie,Fitzsimons,19/2/2023,22/10/2022,7/6/2022
Annabelle,Monard,4/8/2022,20/11/2022,9/6/2022
Francyne,Bockler,25/8/2023,14/5/2023,21/7/2022
Di,Stickles,19/8/2022,16/4/2022,22/4/2024
Jackie,Simonaitis,26/6/2023,27/2/2022,8/3/2022
Kahaleel,Bratten,6/3/2023,13/4/2023,12/3/2023
Standford,Souttar,24/2/2023,16/8/2022,16/6/2023
Humbert,Warratt,26/7/2022,12/1/2023,22/7/2022
Archaimbaud,Dixey,3/1/2023,7/5/2022,23/5/2023
Ashlin,Lawerence,22/7/2022,23/8/2023,6/6/2023
Corabel,Carlone,19/2/2023,11/11/2022,5/8/2022
Stevy,Hinz,17/9/2023,8/5/2022,16/10/2022
Kassia,Petronis,26/5/2023,22/9/2023,22/12/2022
Alexandre,Fasset,,,
Haroun,Towhey,,8/7/2023,23/1/2023
Lavinia,Mance,22/8/2023,7/6/2022,7/2/2022
Tedmund,Hulson,17/7/2023,4/4/2023,2/11/2023
Aldis,Lendon,,,
Atlante,Dudny,,17/10/2023,26/4/2023
Nikaniki,Massey,14/9/2022,4/4/2022,23/10/2022
Townie,Hollingshead,5/8/2022,15/3/2022,25/4/2022
Maurene,Skitt,,3/12/2022,14/3/2024
Marci,Saller,15/4/2023,,
Viviana,Follows,23/6/2023,1/11/2022,16/3/2023
Frederico,Bruyns,8/7/2022,6/2/2023,22/2/2022
Finley,Huffer,29/8/2022,18/10/2022,14/5/2024
Meriel,Tammadge,2/3/2023,25/6/2022,17/6/2023
Osborne,Swate,10/11/2022,16/12/2022,7/5/2024
Cash,Redhills,17/8/2022,1/9/2023,9/11/2022
Maudie,Haye,23/4/2023,,
Antonino,Backhurst,17/3/2023,27/2/2023,25/10/2022
Noellyn,Doers,20/5/2022,15/6/2023,29/5/2024
Douglas,Mc Comb,5/5/2023,26/7/2022,2/8/2023
Del,Sherry,7/5/2023,31/1/2023,14/4/2022
Hyman,Alkin,25/1/2023,18/6/2022,16/2/2024
Connor,Thumnel,,29/11/2022,23/12/2021
Olag,Cavanaugh,18/7/2022,24/1/2023,13/5/2022
Chrisy,Lintall,11/10/2022,23/4/2022,3/7/2024
Abbi,Douty,8/2/2023,29/7/2022,25/12/2022
Karmen,Bole,11/9/2022,10/5/2022,23/6/2022
Abbott,Daton,27/1/2023,19/7/2022,10/5/2022
Marinna,Connick,10/6/2023,2/3/2023,24/6/2022
Audry,Van de Castele,8/3/2023,31/8/2023,29/4/2023
Lisette,Heppner,11/7/2023,5/7/2023,25/9/2022
Clark,Couthard,4/8/2022,6/9/2022,22/1/2022
Nels,Elesander,29/8/2022,13/5/2023,5/6/2023
Veronika,Cuer,,17/4/2023,3/1/2022
Junina,Grocott,25/6/2023,,
Ellary,Ogilvy,,1/8/2022,3/2/2022
Christina,Binnion,7/7/2023,21/10/2022,29/10/2023
West,Cottingham,11/12/2022,20/5/2022,18/10/2023
Codie,Rawcliffe,,31/3/2023,5/10/2022
Teddi,Shotton,30/1/2023,4/3/2023,25/10/2023
Pamelina,Snibson,27/9/2022,31/7/2023,11/12/2022
Waldo,McClunaghan,9/8/2022,24/3/2022,28/4/2024
Florie,Picknett,1/11/2022,30/9/2023,13/7/2023
Jodee,O'Heneghan,2/8/2022,23/4/2023,18/5/2022
Nessy,Richings,23/2/2023,16/10/2022,8/5/2024
Elisha,Fairham,27/9/2023,17/10/2022,15/4/2024
Mirabella,Buchett,4/12/2022,24/5/2023,16/10/2023
Ingram,Pressdee,25/11/2022,20/2/2023,14/5/2022
Teresa,Capp,6/5/2022,12/10/2023,9/1/2024
Elvin,Sammars,20/7/2023,11/6/2022,17/3/2024
Analiese,Yeeles,,12/3/2022,17/1/2022
Alvira,Napper,30/5/2022,17/1/2023,26/9/2022
Kristos,Conkey,4/9/2022,10/7/2023,6/12/2022
Ali,Coverly,20/8/2023,10/10/2023,14/6/2024
Norean,Durie,8/3/2023,14/3/2022,20/7/2024
Humfrid,Emmitt,30/9/2022,13/10/2022,3/7/2022
Elle,Ferriere,12/6/2022,6/3/2022,26/4/2023
Kathryne,Gladstone,30/7/2023,14/11/2022,5/2/2022
Fidela,Conrart,3/1/2023,18/7/2023,14/2/2023
Cordy,Cardenosa,8/6/2022,16/7/2023,18/12/2022
Riley,Milverton,14/6/2023,3/9/2023,17/5/2024
Edith,De Benedetti,27/8/2022,19/3/2023,30/9/2023
Essy,Blaes,16/6/2023,27/3/2023,17/3/2024
Gustaf,Capel,20/7/2022,20/9/2023,20/10/2023
Serene,Burgne,,28/12/2022,12/11/2023
Fred,Hulance,17/3/2023,11/1/2023,2/11/2022
Waring,Hrinchishin,9/4/2023,30/1/2023,2/5/2024
Baxy,Borgesio,24/6/2022,25/9/2023,8/1/2023
Tremayne,Duffill,8/5/2022,21/7/2022,7/3/2023
Kristian,McConnulty,26/7/2022,,
Mallissa,Liddell,23/6/2023,13/10/2022,27/9/2022
Diane,Gillies,10/2/2023,22/8/2022,24/10/2023
Cecil,Jain,20/8/2023,26/6/2022,6/12/2023
Kaela,Greenacre,15/10/2022,1/11/2022,27/9/2023
Mano,Hamlyn,17/4/2022,8/4/2022,19/10/2023
Buddy,Smither,20/9/2023,9/5/2023,29/8/2023
Essie,Gierok,19/7/2022,28/2/2022,11/2/2023
Martelle,Summerhayes,25/4/2022,,
Bald,Cobley,9/9/2023,11/12/2022,14/12/2023
Selinda,Surman,9/12/2022,14/6/2023,23/10/2023
Amelia,Iwanicki,26/12/2022,6/4/2022,17/12/2022
Justinian,Moreing,15/4/2022,9/3/2022,28/10/2022
Alisa,Cranmore,3/9/2023,16/4/2023,2/1/2022
Faber,Doumerc,6/7/2023,23/2/2023,12/9/2022
Raff,Thomasen,12/6/2023,28/6/2022,17/10/2022
Ezekiel,Rilings,13/4/2023,13/11/2022,17/10/2023
Megen,Starbuck,,11/4/2023,19/12/2023
Ludovika,Mithan,27/8/2023,15/8/2023,2/1/2024
Tonye,Oakes,18/2/2023,19/11/2022,13/1/2022
Hubey,Ceely,4/9/2023,18/3/2023,19/10/2022
Kipp,Springthorp,4/9/2022,24/9/2022,6/7/2023
Halsy,Kerins,22/4/2023,11/3/2022,6/7/2022
Stuart,Deboy,20/6/2023,24/1/2023,15/2/2022
Doy,Steane,10/11/2022,2/7/2023,21/9/2022
